CarNumber,Surname
C584EY154RUS,ADAMS
T395KX197RUS,ALLEN
8441XX154RUS,ALVAREZ
C590EY154RUS,ANDERSON
T171CC96RUS,BAILEY
Y693HM197RUS,BAKER
H980HY161RUS,BENNETT
H837YK197RUS,BROOKS
Y687HM197RUS,BROWN
7368C8197RUS,CAMPBELL
Y6839Y50RUS,CARTER
7840C8197RUS,CASTILLO
7365C8197RUS,CHAVEZ
T6449O50RUS,CLARK
T6049O50RUS,COLLINS
X320MK197RUS,COOK
E28877161RUS,COOPER
T272HH163RUS,COX
Y316E877RUS,CRUZ
E79988152RUS,DAVIS
H958HY161RUS,DIAZ
Y969O8197RUS,EDWARDS
H385TM197RUS,EVANS
O22297197RUS,FLORES
7066C8197RUS,FOSTER
O753MX161RUS,GARCIA
T6449O50RUS,GOMEZ
X759HY197RUS,GONZALEZ
X4128H125RUS,GRAY
9072EM178RUS,GREEN
O143HO197RUS,GUTIERREZ
7788KT197RUS,HALL
C584EY154RUS,HARRIS
X523OM161RUS,HERNANDEZ
H115YO163RUS,HILL
X320MK197RUS,HOWARD
9938OH154RUS,HUGHES
Y359EY197RUS,JACKSON
Y388E877RUS,JAMES
9677MO178RUS,JIMENEZ
9683EC178RUS,JOHNSON
O68897197RUS,JONES
89557X197RUS,KELLY
H961HY161RUS,KIM
T6419O50RUS,KING
9402KK197RUS,LEE
E53488152RUS,LEWIS
K436MO152RUS,LONG
H957HY161RUS,LOPEZ
Y344E877RUS,MARTIN
7194TT36RUS,MARTINEZ
H259HY161RUS,MENDOZA
O49797197RUS,MILLER
7840C8197RUS,MITCHELL
7367C8197RUS,MOORE
9488EY178RUS,MORALES
H217X836RUS,MORGAN
9697MO178RUS,MORRIS
7183TT36RUS,MURPHY
9939KK197RUS,MYERS
O77997197RUS,NELSON
9935TE152RUS,NGUYEN
9697MO178RUS,ORTIZ
Y166O8161RUS,PARKER
H957HY161RUS,PATEL
O77997197RUS,PEREZ
E160YX77RUS,PETERSON
E948C8152RUS,PHILLIPS
Y344E877RUS,PRICE
T020MM116RUS,RAMIREZ
9762HY161RUS,RAMOS
9498KX178RUS,REED
M5039X197RUS,REYES
7788KT197RUS,RICHARDSON
9498KX178RUS,RIVERA
Y273O8197RUS,ROBERTS
T948OM96RUS,ROBINSON
98087H178RUS,RODRIGUEZ
X257HE161RUS,ROGERS
705787163RUS,ROSS
abcd12346az,ABOBA
abcd12346av,SASAS
cbcd12346av,ACHIBA
